image,width,height,channels,seams,strip_height,dynamic_energy_s,dynamic_seam_s,dynamic_remove_s,dynamic_total_s,triangle_energy_s,triangle_seam_s,triangle_remove_s,triangle_total_s,total_speedup_dynamic_over_triangle,seam_speedup_dynamic_over_triangle,dynamic_output,triangle_output
720x480.png,720,480,3,512,32,0.371322,0.314091,0.053676,0.739089,0.371399,0.155405,0.054206,0.581010,1.2721,2.0211
1024x768.png,1024,768,3,512,32,0.799477,0.630925,0.123677,1.554079,0.798124,0.410290,0.127574,1.335989,1.1632,1.5378
1920x1200.png,1920,1200,3,512,32,2.347692,1.363630,0.404420,4.115742,2.339191,1.015762,0.433400,3.788352,1.0864,1.3425
3840x2160.png,3840,2160,3,512,32,8.759377,3.631136,1.343202,13.733714,8.765551,3.786418,1.410141,13.962110,0.9836,0.9590
7680x4320.png,7680,4320,3,512,32,35.651312,18.486346,5.622309,59.759967,35.631780,20.799840,5.539500,61.971119,0.9643,0.8888
