image,width,height,channels,seams,energy_threads,seam_threads,remove_threads,energy_s,seam_s,remove_s,total_s
720x480.png,720,480,3,128,32,4,32,0.067966,0.058323,0.095853,0.222143
1024x768.png,1024,768,3,128,32,16,32,0.074097,0.162313,0.051048,0.287458
1920x1200.png,1920,1200,3,128,32,16,32,0.192519,0.291414,0.077188,0.561121
3840x2160.png,3840,2160,3,128,32,16,32,0.655944,0.685701,0.202425,1.544070
7680x4320.png,7680,4320,3,128,32,32,32,2.383649,3.990019,0.824712,7.198380
